profile	genome_id	sample_id	overall_status	tech_status	bio_status	total_te_pct	total_te_bp	total_te_source	ltr_total_pct	ltr_total_bp	ltr_known_pct	ltr_known_bp	ltr_unknown_pct	ltr_unknown_bp	tir_pct	tir_bp	helitron_pct	helitron_bp	line_present	line_pct	line_bp	sine_present	sine_pct	sine_bp	notes	tags	missing	teanno_sum	sample_dir
plant	GCA_002013955.2	GCA_002013955.2_C_medica_denovo_2_genomic	PASS	PASS	PASS	39.980	147763664	TOTAL	29.950	110701090	13.370	49416288	16.580	61284802	7.150	26448229	1.340	4966567	1	1.250	4604828	0	NA	NA		INFO_TOTAL_SOURCE_TOTAL; WARN_SINE_NOT_REPORTED; HINT_HIGH_LTR_UNKNOWN		/data/NCBI-jieya_EDTA/GCA_002013955.2_C_medica_denovo_2_genomic/GCA_002013955.2_C_medica_denovo_2_genomic.fna.mod.EDTA.TEanno.sum	/data/NCBI-jieya_EDTA/GCA_002013955.2_C_medica_denovo_2_genomic
plant	GCA_003024785.1	GCA_003024785.1_ASM302478v1_genomic	PASS	PASS	PASS	44.150	131213536	TOTAL	37.980	112872982	18.150	53935470	19.830	58937512	5.290	15707460	0.600	1780785	1	0.250	751709	0	NA	NA		INFO_TOTAL_SOURCE_TOTAL; WARN_SINE_NOT_REPORTED; HINT_HIGH_LTR_UNKNOWN		/data/NCBI-jieya_EDTA/GCA_003024785.1_ASM302478v1_genomic/GCA_003024785.1_ASM302478v1_genomic.fna.mod.EDTA.TEanno.sum	/data/NCBI-jieya_EDTA/GCA_003024785.1_ASM302478v1_genomic
plant	GCA_004329165.1	GCA_004329165.1_ASM432916v1_genomic	PASS	PASS	PASS	45.880	364344741	TOTAL	22.680	180088113	10.730	85173589	11.950	94914524	11.660	92673202	10.050	79787480	1	0.710	5581244	0	NA	NA		INFO_TOTAL_SOURCE_TOTAL; WARN_SINE_NOT_REPORTED; HINT_HIGH_LTR_UNKNOWN		/data/NCBI-jieya_EDTA/GCA_004329165.1_ASM432916v1_genomic/GCA_004329165.1_ASM432916v1_genomic.fna.mod.EDTA.TEanno.sum	/data/NCBI-jieya_EDTA/GCA_004329165.1_ASM432916v1_genomic
plant	GCA_005392925.1	GCA_005392925.1_SCBG_Asin_1.0_genomic	PASS	PASS	PASS	60.830	425714711	TOTAL	43.080	301458473	23.650	165500350	19.430	135958123	12.810	89712102	3.610	25251641	1	1.070	7425962	0	NA	NA		INFO_TOTAL_SOURCE_TOTAL; WARN_SINE_NOT_REPORTED; HINT_HIGH_LTR_UNKNOWN		/data/NCBI-jieya_EDTA/GCA_005392925.1_SCBG_Asin_1.0_genomic/GCA_005392925.1_SCBG_Asin_1.0_genomic.fna.mod.EDTA.TEanno.sum	/data/NCBI-jieya_EDTA/GCA_005392925.1_SCBG_Asin_1.0_genomic
plant	GCA_005771605.1	GCA_005771605.1_ASM577160v1_genomic	PASS	PASS	PASS	49.220	189147174	TOTAL	27.620	106174316	13.040	50135951	14.580	56038365	9.490	36481641	11.850	45548854	1	0.160	608051	0	NA	NA		INFO_TOTAL_SOURCE_TOTAL; WARN_SINE_NOT_REPORTED; HINT_HIGH_LTR_UNKNOWN		/data/NCBI-jieya_EDTA/GCA_005771605.1_ASM577160v1_genomic/GCA_005771605.1_ASM577160v1_genomic.fna.mod.EDTA.TEanno.sum	/data/NCBI-jieya_EDTA/GCA_005771605.1_ASM577160v1_genomic
plant	GCA_008642245.2	GCA_008642245.2_Bs_v2_genomic	PASS	PASS	PASS	67.740	567360900	TOTAL	49.560	415207363	24.440	204769749	25.120	210437614	12.170	101868983	4.010	33564161	1	1.460	12293592	0	NA	NA		INFO_TOTAL_SOURCE_TOTAL; WARN_SINE_NOT_REPORTED; HINT_HIGH_LTR_UNKNOWN		/data/NCBI-jieya_EDTA/GCA_008642245.2_Bs_v2_genomic/GCA_008642245.2_Bs_v2_genomic.fna.mod.EDTA.TEanno.sum	/data/NCBI-jieya_EDTA/GCA_008642245.2_Bs_v2_genomic
plant	GCA_009758035.1	GCA_009758035.1_Adlay_draft_genome_1.0_genomic	PASS	PASS	PASS	82.470	1049707329	TOTAL	70.540	898017032	37.710	480081674	32.830	417935358	9.280	118156379	1.960	25000726	1	0.610	7690180	0	NA	NA		INFO_TOTAL_SOURCE_TOTAL; WARN_SINE_NOT_REPORTED; HINT_HIGH_LTR_UNKNOWN		/data/NCBI-jieya_EDTA/GCA_009758035.1_Adlay_draft_genome_1.0_genomic/GCA_009758035.1_Adlay_draft_genome_1.0_genomic.fna.mod.EDTA.TEanno.sum	/data/NCBI-jieya_EDTA/GCA_009758035.1_Adlay_draft_genome_1.0_genomic
plant	GCA_009835305.1	GCA_009835305.1_UM_IpPur_1.0_genomic	PASS	PASS	PASS	25.780	49993324	TOTAL	6.240	12106005	2.790	5416031	3.450	6689974	13.080	25384320	3.920	7598773	1	1.580	3054609	0	NA	NA		INFO_TOTAL_SOURCE_TOTAL; WARN_SINE_NOT_REPORTED		/data/NCBI-jieya_EDTA/GCA_009835305.1_UM_IpPur_1.0_genomic/GCA_009835305.1_UM_IpPur_1.0_genomic.fna.mod.EDTA.TEanno.sum	/data/NCBI-jieya_EDTA/GCA_009835305.1_UM_IpPur_1.0_genomic
plant	GCA_010577795.1	GCA_010577795.1_ASM1057779v1_genomic	PASS	PASS	PASS	47.060	138264319	TOTAL	34.090	100177809	21.290	62578315	12.800	37599494	5.580	16392198	5.240	15410222	1	1.990	5855460	0	NA	NA		INFO_TOTAL_SOURCE_TOTAL; WARN_SINE_NOT_REPORTED; HINT_HIGH_LTR_UNKNOWN		/data/NCBI-jieya_EDTA/GCA_010577795.1_ASM1057779v1_genomic/GCA_010577795.1_ASM1057779v1_genomic.fna.mod.EDTA.TEanno.sum	/data/NCBI-jieya_EDTA/GCA_010577795.1_ASM1057779v1_genomic
plant	GCA_012274485.2	GCA_012274485.2_S.alba_v1_genomic	PASS	PASS	PASS	46.040	192801600	TOTAL	29.100	121837592	16.970	71051540	12.130	50786052	12.630	52899629	3.230	13522977	1	0.960	4023583	0	NA	NA		INFO_TOTAL_SOURCE_TOTAL; WARN_SINE_NOT_REPORTED; HINT_HIGH_LTR_UNKNOWN		/data/NCBI-jieya_EDTA/GCA_012274485.2_S.alba_v1_genomic/GCA_012274485.2_S.alba_v1_genomic.fna.mod.EDTA.TEanno.sum	/data/NCBI-jieya_EDTA/GCA_012274485.2_S.alba_v1_genomic
plant	GCA_012979155.1	GCA_012979155.1_hypericum.10X.300bp_genomic	PASS	PASS	PASS	40.570	141991241	TOTAL	30.090	105327585	13.710	47993375	16.380	57334210	7.850	27466778	0.660	2305664	1	1.830	6393396	0	NA	NA		INFO_TOTAL_SOURCE_TOTAL; WARN_SINE_NOT_REPORTED; HINT_HIGH_LTR_UNKNOWN		/data/NCBI-jieya_EDTA/GCA_012979155.1_hypericum.10X.300bp_genomic/GCA_012979155.1_hypericum.10X.300bp_genomic.fna.mod.EDTA.TEanno.sum	/data/NCBI-jieya_EDTA/GCA_012979155.1_hypericum.10X.300bp_genomic
plant	GCA_014162995.1	GCA_014162995.1_Aran_genomic	PASS	PASS	PASS	65.450	1077239774	TOTAL	52.410	862646023	17.340	285402275	35.070	577243748	7.820	128633419	3.900	64171358	1	1.070	17753074	0	NA	NA		INFO_TOTAL_SOURCE_TOTAL; WARN_SINE_NOT_REPORTED; HINT_HIGH_LTR_UNKNOWN		/data/NCBI-jieya_EDTA/GCA_014162995.1_Aran_genomic/GCA_014162995.1_Aran_genomic.fna.mod.EDTA.TEanno.sum	/data/NCBI-jieya_EDTA/GCA_014162995.1_Aran_genomic
plant	GCA_015680905.1	GCA_015680905.1_ASM1568090v1_genomic	PASS	PASS	PASS	64.140	600122449	TOTAL	47.770	446999867	24.710	231220707	23.060	215779160	8.600	80452293	4.830	45198322	1	2.230	20911460	0	NA	NA		INFO_TOTAL_SOURCE_TOTAL; WARN_SINE_NOT_REPORTED; HINT_HIGH_LTR_UNKNOWN		/data/NCBI-jieya_EDTA/GCA_015680905.1_ASM1568090v1_genomic/GCA_015680905.1_ASM1568090v1_genomic.fna.mod.EDTA.TEanno.sum	/data/NCBI-jieya_EDTA/GCA_015680905.1_ASM1568090v1_genomic
plant	GCA_016618105.1	GCA_016618105.1_ASM1661810v1_genomic	PASS	PASS	PASS	66.860	857679096	TOTAL	52.740	676496933	24.560	315070459	28.180	361426474	7.130	91423843	1.180	15159377	1	5.630	72176868	0	NA	NA		INFO_TOTAL_SOURCE_TOTAL; WARN_SINE_NOT_REPORTED; HINT_HIGH_LTR_UNKNOWN		/data/NCBI-jieya_EDTA/GCA_016618105.1_ASM1661810v1_genomic/GCA_016618105.1_ASM1661810v1_genomic.fna.mod.EDTA.TEanno.sum	/data/NCBI-jieya_EDTA/GCA_016618105.1_ASM1661810v1_genomic
plant	GCA_016647705.1	GCA_016647705.1_ASM1664770v1_genomic	PASS	PASS	PASS	64.930	615407504	TOTAL	45.940	435413940	17.630	167072241	28.310	268341699	11.060	104777709	3.960	37506951	1	2.780	26373693	0	NA	NA		INFO_TOTAL_SOURCE_TOTAL; WARN_SINE_NOT_REPORTED; HINT_HIGH_LTR_UNKNOWN		/data/NCBI-jieya_EDTA/GCA_016647705.1_ASM1664770v1_genomic/GCA_016647705.1_ASM1664770v1_genomic.fna.mod.EDTA.TEanno.sum	/data/NCBI-jieya_EDTA/GCA_016647705.1_ASM1664770v1_genomic
plant	GCA_017979445.1	GCA_017979445.1_ASM1797944v1_genomic	PASS	PASS	PASS	53.750	350834064	TOTAL	38.770	253011761	18.690	121973532	20.080	131038229	9.990	65266880	1.530	10017692	1	1.900	12372795	0	NA	NA		INFO_TOTAL_SOURCE_TOTAL; WARN_SINE_NOT_REPORTED; HINT_HIGH_LTR_UNKNOWN		/data/NCBI-jieya_EDTA/GCA_017979445.1_ASM1797944v1_genomic/GCA_017979445.1_ASM1797944v1_genomic.fna.mod.EDTA.TEanno.sum	/data/NCBI-jieya_EDTA/GCA_017979445.1_ASM1797944v1_genomic
plant	GCA_019593545.1	GCA_019593545.1_ASM1959354v1_genomic	PASS	PASS	PASS	26.160	70960558	TOTAL	20.170	54679310	11.900	32256775	8.270	22422535	4.250	11511640	0.790	2151278	1	0.920	2499758	0	NA	NA		INFO_TOTAL_SOURCE_TOTAL; WARN_SINE_NOT_REPORTED		/data/NCBI-jieya_EDTA/GCA_019593545.1_ASM1959354v1_genomic/GCA_019593545.1_ASM1959354v1_genomic.fna.mod.EDTA.TEanno.sum	/data/NCBI-jieya_EDTA/GCA_019593545.1_ASM1959354v1_genomic
plant	GCA_020226225.1	GCA_020226225.1_ST_assembly_genomic	PASS	PASS	PASS	31.530	76895511	TOTAL	20.210	49302735	7.890	19249777	12.320	30052958	9.660	23560739	1.100	2692526	1	0.380	936589	0	NA	NA		INFO_TOTAL_SOURCE_TOTAL; WARN_SINE_NOT_REPORTED; HINT_HIGH_LTR_UNKNOWN		/data/NCBI-jieya_EDTA/GCA_020226225.1_ST_assembly_genomic/GCA_020226225.1_ST_assembly_genomic.fna.mod.EDTA.TEanno.sum	/data/NCBI-jieya_EDTA/GCA_020226225.1_ST_assembly_genomic
plant	GCA_021464415.1	GCA_021464415.1_ASM2146441v1_genomic	PASS	PASS	PASS	54.730	484949675	TOTAL	35.980	318826751	16.490	146128234	19.490	172698517	11.300	100085642	5.700	50466189	1	1.450	12882141	0	NA	NA		INFO_TOTAL_SOURCE_TOTAL; WARN_SINE_NOT_REPORTED; HINT_HIGH_LTR_UNKNOWN		/data/NCBI-jieya_EDTA/GCA_021464415.1_ASM2146441v1_genomic/GCA_021464415.1_ASM2146441v1_genomic.fna.mod.EDTA.TEanno.sum	/data/NCBI-jieya_EDTA/GCA_021464415.1_ASM2146441v1_genomic
plant	GCA_022539455.1	GCA_022539455.1_Dnobile_genomic	PASS	PASS	PASS	64.960	778870145	TOTAL	48.600	582711467	24.010	287827432	24.590	294884035	7.020	84187685	2.270	27223121	1	6.740	80755791	0	NA	NA		INFO_TOTAL_SOURCE_TOTAL; WARN_SINE_NOT_REPORTED; HINT_HIGH_LTR_UNKNOWN		/data/NCBI-jieya_EDTA/GCA_022539455.1_Dnobile_genomic/GCA_022539455.1_Dnobile_genomic.fna.mod.EDTA.TEanno.sum	/data/NCBI-jieya_EDTA/GCA_022539455.1_Dnobile_genomic
plant	GCA_022984855.1	GCA_022984855.1_ASM2298485v1_genomic	PASS	PASS	PASS	41.540	188712331	TOTAL	31.880	144817694	18.950	86065631	12.930	58752063	7.180	32635460	1.160	5291223	1	0.990	4480343	0	NA	NA		INFO_TOTAL_SOURCE_TOTAL; WARN_SINE_NOT_REPORTED; HINT_HIGH_LTR_UNKNOWN		/data/NCBI-jieya_EDTA/GCA_022984855.1_ASM2298485v1_genomic/GCA_022984855.1_ASM2298485v1_genomic.fna.mod.EDTA.TEanno.sum	/data/NCBI-jieya_EDTA/GCA_022984855.1_ASM2298485v1_genomic
plant	GCA_023512835.1	GCA_023512835.1_ASM2351283v1_genomic	PASS	PASS	PASS	60.040	313204378	TOTAL	54.240	282960116	30.650	159912330	23.590	123047786	4.080	21279088	0.840	4361874	1	0.860	4480446	0	NA	NA		INFO_TOTAL_SOURCE_TOTAL; WARN_SINE_NOT_REPORTED; HINT_HIGH_LTR_UNKNOWN		/data/NCBI-jieya_EDTA/GCA_023512835.1_ASM2351283v1_genomic/GCA_023512835.1_ASM2351283v1_genomic.fna.mod.EDTA.TEanno.sum	/data/NCBI-jieya_EDTA/GCA_023512835.1_ASM2351283v1_genomic
plant	GCA_023525715.1	GCA_023525715.1_ASM2352571v1_genomic	PASS	PASS	PASS	69.150	884194382	TOTAL	55.290	706884096	26.780	342317742	28.510	364566354	6.530	83566099	5.640	72153005	1	1.450	18535122	0	NA	NA		INFO_TOTAL_SOURCE_TOTAL; WARN_SINE_NOT_REPORTED; HINT_HIGH_LTR_UNKNOWN		/data/NCBI-jieya_EDTA/GCA_023525715.1_ASM2352571v1_genomic/GCA_023525715.1_ASM2352571v1_genomic.fna.mod.EDTA.TEanno.sum	/data/NCBI-jieya_EDTA/GCA_023525715.1_ASM2352571v1_genomic
plant	GCA_023638005.1	GCA_023638005.1_ASM2363800v1_genomic	PASS	PASS	PASS	56.190	414348331	TOTAL	34.960	257834454	16.110	118799522	18.850	139034932	13.270	97807891	6.800	50158233	1	0.940	6935815	0	NA	NA		INFO_TOTAL_SOURCE_TOTAL; WARN_SINE_NOT_REPORTED; HINT_HIGH_LTR_UNKNOWN		/data/NCBI-jieya_EDTA/GCA_023638005.1_ASM2363800v1_genomic/GCA_023638005.1_ASM2363800v1_genomic.fna.mod.EDTA.TEanno.sum	/data/NCBI-jieya_EDTA/GCA_023638005.1_ASM2363800v1_genomic
plant	GCA_024086825.1	GCA_024086825.1_ASM2408682v1_genomic	PASS	PASS	PASS	35.160	134057541	TOTAL	25.060	95521628	14.250	54323726	10.810	41197902	7.940	30245421	1.020	3900546	1	1.060	4045053	0	NA	NA		INFO_TOTAL_SOURCE_TOTAL; WARN_SINE_NOT_REPORTED; HINT_HIGH_LTR_UNKNOWN		/data/NCBI-jieya_EDTA/GCA_024086825.1_ASM2408682v1_genomic/GCA_024086825.1_ASM2408682v1_genomic.fna.mod.EDTA.TEanno.sum	/data/NCBI-jieya_EDTA/GCA_024086825.1_ASM2408682v1_genomic
plant	GCA_024500025.1	GCA_024500025.1_ASM2450002v1_genomic	PASS	PASS	PASS	39.670	146863381	TOTAL	26.700	98832803	15.690	58083734	11.010	40749069	9.200	34083830	2.230	8270622	1	0.960	3561482	0	NA	NA		INFO_TOTAL_SOURCE_TOTAL; WARN_SINE_NOT_REPORTED; HINT_HIGH_LTR_UNKNOWN		/data/NCBI-jieya_EDTA/GCA_024500025.1_ASM2450002v1_genomic/GCA_024500025.1_ASM2450002v1_genomic.fna.mod.EDTA.TEanno.sum	/data/NCBI-jieya_EDTA/GCA_024500025.1_ASM2450002v1_genomic
plant	GCA_024500145.1	GCA_024500145.1_ASM2450014v1_genomic	PASS	PASS	PASS	76.430	1080461391	TOTAL	65.990	932958960	30.500	431181489	35.490	501777471	7.460	105551463	1.660	23477798	1	1.240	17538466	0	NA	NA		INFO_TOTAL_SOURCE_TOTAL; WARN_SINE_NOT_REPORTED; HINT_HIGH_LTR_UNKNOWN		/data/NCBI-jieya_EDTA/GCA_024500145.1_ASM2450014v1_genomic/GCA_024500145.1_ASM2450014v1_genomic.fna.mod.EDTA.TEanno.sum	/data/NCBI-jieya_EDTA/GCA_024500145.1_ASM2450014v1_genomic
plant	GCA_025413875.1	GCA_025413875.1_RHMOLv1_genomic	PASS	PASS	PASS	56.480	369046334	TOTAL	40.710	266070145	19.070	124649666	21.640	141420479	12.040	78640667	2.020	13183835	1	1.290	8456861	0	NA	NA		INFO_TOTAL_SOURCE_TOTAL; WARN_SINE_NOT_REPORTED; HINT_HIGH_LTR_UNKNOWN		/data/NCBI-jieya_EDTA/GCA_025413875.1_RHMOLv1_genomic/GCA_025413875.1_RHMOLv1_genomic.fna.mod.EDTA.TEanno.sum	/data/NCBI-jieya_EDTA/GCA_025413875.1_RHMOLv1_genomic
plant	GCA_026008535.1	GCA_026008535.1_Pfru_yukari_1.0_genomic	PASS	PASS	PASS	63.910	804609634	TOTAL	46.380	583850602	23.830	299999045	22.550	283851557	8.760	110338241	7.920	99740676	1	0.560	7096910	0	NA	NA		INFO_TOTAL_SOURCE_TOTAL; WARN_SINE_NOT_REPORTED; HINT_HIGH_LTR_UNKNOWN		/data/NCBI-jieya_EDTA/GCA_026008535.1_Pfru_yukari_1.0_genomic/GCA_026008535.1_Pfru_yukari_1.0_genomic.fna.mod.EDTA.TEanno.sum	/data/NCBI-jieya_EDTA/GCA_026008535.1_Pfru_yukari_1.0_genomic
plant	GCA_026413185.1	GCA_026413185.1_ASM2641318v1_genomic	PASS	PASS	PASS	52.460	492736659	TOTAL	35.440	332891766	14.340	134734126	21.100	198157640	7.800	73357725	6.590	61847201	1	2.360	22178103	0	NA	NA		INFO_TOTAL_SOURCE_TOTAL; WARN_SINE_NOT_REPORTED; HINT_HIGH_LTR_UNKNOWN		/data/NCBI-jieya_EDTA/GCA_026413185.1_ASM2641318v1_genomic/GCA_026413185.1_ASM2641318v1_genomic.fna.mod.EDTA.TEanno.sum	/data/NCBI-jieya_EDTA/GCA_026413185.1_ASM2641318v1_genomic
plant	GCA_027726005.1	GCA_027726005.1_MPIPZ_junEff1m_1_genomic	PASS	PASS	PASS	37.560	97001314	TOTAL	18.440	47617432	7.160	18489255	11.280	29128177	5.280	13647751	12.430	32094540	1	1.210	3140154	0	NA	NA		INFO_TOTAL_SOURCE_TOTAL; WARN_SINE_NOT_REPORTED; HINT_HIGH_LTR_UNKNOWN		/data/NCBI-jieya_EDTA/GCA_027726005.1_MPIPZ_junEff1m_1_genomic/GCA_027726005.1_MPIPZ_junEff1m_1_genomic.fna.mod.EDTA.TEanno.sum	/data/NCBI-jieya_EDTA/GCA_027726005.1_MPIPZ_junEff1m_1_genomic
plant	GCA_028654395.1	GCA_028654395.1_ASM2865439v1_genomic	PASS	PASS	PASS	46.030	173155224	TOTAL	34.190	128622175	17.660	66444778	16.530	62177397	6.620	24929269	4.660	17546325	1	0.490	1850050	0	NA	NA		INFO_TOTAL_SOURCE_TOTAL; WARN_SINE_NOT_REPORTED; HINT_HIGH_LTR_UNKNOWN		/data/NCBI-jieya_EDTA/GCA_028654395.1_ASM2865439v1_genomic/GCA_028654395.1_ASM2865439v1_genomic.fna.mod.EDTA.TEanno.sum	/data/NCBI-jieya_EDTA/GCA_028654395.1_ASM2865439v1_genomic
plant	GCA_029490685.1	GCA_029490685.1_ASM2949068v1_genomic	PASS	PASS	PASS	66.840	509090844	TOTAL	50.140	381860146	26.430	201245028	23.710	180615118	12.070	91865882	3.690	28108865	1	0.540	4077196	0	NA	NA		INFO_TOTAL_SOURCE_TOTAL; WARN_SINE_NOT_REPORTED; HINT_HIGH_LTR_UNKNOWN		/data/NCBI-jieya_EDTA/GCA_029490685.1_ASM2949068v1_genomic/GCA_029490685.1_ASM2949068v1_genomic.fna.mod.EDTA.TEanno.sum	/data/NCBI-jieya_EDTA/GCA_029490685.1_ASM2949068v1_genomic
plant	GCA_029582165.1	GCA_029582165.1_ASM2958216v1_genomic	PASS	PASS	PASS	63.740	713423179	TOTAL	45.730	511764758	21.560	241290495	24.170	270474263	12.750	142768343	2.920	32716638	1	2.240	25056138	0	NA	NA		INFO_TOTAL_SOURCE_TOTAL; WARN_SINE_NOT_REPORTED; HINT_HIGH_LTR_UNKNOWN		/data/NCBI-jieya_EDTA/GCA_029582165.1_ASM2958216v1_genomic/GCA_029582165.1_ASM2958216v1_genomic.fna.mod.EDTA.TEanno.sum	/data/NCBI-jieya_EDTA/GCA_029582165.1_ASM2958216v1_genomic
plant	GCA_030449075.1	GCA_030449075.1_ASM3044907v1_genomic	PASS	PASS	PASS	21.130	45919646	TOTAL	11.710	25445246	8.020	17432181	3.690	8013065	6.520	14173663	1.560	3397511	1	1.210	2624626	0	NA	NA		INFO_TOTAL_SOURCE_TOTAL; WARN_SINE_NOT_REPORTED		/data/NCBI-jieya_EDTA/GCA_030449075.1_ASM3044907v1_genomic/GCA_030449075.1_ASM3044907v1_genomic.fna.mod.EDTA.TEanno.sum	/data/NCBI-jieya_EDTA/GCA_030449075.1_ASM3044907v1_genomic
plant	GCA_030549775.1	GCA_030549775.1_ASM3054977v1_genomic	PASS	PASS	PASS	66.290	877088720	TOTAL	43.660	577573576	15.840	209498319	27.820	368075257	17.270	228658984	3.040	40277407	1	1.810	24064939	0	NA	NA		INFO_TOTAL_SOURCE_TOTAL; WARN_SINE_NOT_REPORTED; HINT_HIGH_LTR_UNKNOWN		/data/NCBI-jieya_EDTA/GCA_030549775.1_ASM3054977v1_genomic/GCA_030549775.1_ASM3054977v1_genomic.fna.mod.EDTA.TEanno.sum	/data/NCBI-jieya_EDTA/GCA_030549775.1_ASM3054977v1_genomic
plant	GCA_030664755.1	GCA_030664755.1_ASM3066475v1_genomic	PASS	PASS	PASS	53.830	215011966	TOTAL	38.210	152632452	17.130	68423234	21.080	84209218	6.870	27445752	7.520	30051534	1	0.970	3856369	0	NA	NA		INFO_TOTAL_SOURCE_TOTAL; WARN_SINE_NOT_REPORTED; HINT_HIGH_LTR_UNKNOWN		/data/NCBI-jieya_EDTA/GCA_030664755.1_ASM3066475v1_genomic/GCA_030664755.1_ASM3066475v1_genomic.fna.mod.EDTA.TEanno.sum	/data/NCBI-jieya_EDTA/GCA_030664755.1_ASM3066475v1_genomic
plant	GCA_030737845.1	GCA_030737845.1_ASM3073784v1_genomic	PASS	PASS	PASS	45.490	318825200	TOTAL	26.710	187175231	11.200	78484417	15.510	108690814	13.450	94304486	3.790	26596327	1	1.300	9083636	0	NA	NA		INFO_TOTAL_SOURCE_TOTAL; WARN_SINE_NOT_REPORTED; HINT_HIGH_LTR_UNKNOWN		/data/NCBI-jieya_EDTA/GCA_030737845.1_ASM3073784v1_genomic/GCA_030737845.1_ASM3073784v1_genomic.fna.mod.EDTA.TEanno.sum	/data/NCBI-jieya_EDTA/GCA_030737845.1_ASM3073784v1_genomic
plant	GCA_030762865.1	GCA_030762865.1_ASM3076286v1_genomic	PASS	PASS	PASS	61.330	300083046	TOTAL	47.750	233625949	25.290	123716274	22.460	109909675	8.500	41575087	3.860	18894768	1	1.050	5127459	0	NA	NA		INFO_TOTAL_SOURCE_TOTAL; WARN_SINE_NOT_REPORTED; HINT_HIGH_LTR_UNKNOWN		/data/NCBI-jieya_EDTA/GCA_030762865.1_ASM3076286v1_genomic/GCA_030762865.1_ASM3076286v1_genomic.fna.mod.EDTA.TEanno.sum	/data/NCBI-jieya_EDTA/GCA_030762865.1_ASM3076286v1_genomic
plant	GCA_032619315.1	GCA_032619315.1_KAU_P.longum_genomic	PASS	PASS	PASS	36.950	165315578	TOTAL	15.330	68576999	6.910	30913211	8.420	37663788	13.510	60413544	7.450	33324891	1	0.190	831232	0	NA	NA		INFO_TOTAL_SOURCE_TOTAL; WARN_SINE_NOT_REPORTED		/data/NCBI-jieya_EDTA/GCA_032619315.1_KAU_P.longum_genomic/GCA_032619315.1_KAU_P.longum_genomic.fna.mod.EDTA.TEanno.sum	/data/NCBI-jieya_EDTA/GCA_032619315.1_KAU_P.longum_genomic
plant	GCA_032719365.1	GCA_032719365.1_ASM3271936v1_genomic	PASS	PASS	PASS	75.510	960765021	TOTAL	63.920	813240426	20.330	258636948	43.590	554603478	9.680	123168460	1.190	15101418	1	0.560	7164803	0	NA	NA		INFO_TOTAL_SOURCE_TOTAL; WARN_SINE_NOT_REPORTED; HINT_HIGH_LTR_UNKNOWN		/data/NCBI-jieya_EDTA/GCA_032719365.1_ASM3271936v1_genomic/GCA_032719365.1_ASM3271936v1_genomic.fna.mod.EDTA.TEanno.sum	/data/NCBI-jieya_EDTA/GCA_032719365.1_ASM3271936v1_genomic
plant	GCA_033030585.1	GCA_033030585.1_KIB_Fhip_1.0_genomic	PASS	PASS	PASS	50.970	383307887	TOTAL	38.580	290058383	18.970	142603431	19.610	147454952	7.210	54289172	3.980	29895048	1	0.600	4515921	0	NA	NA		INFO_TOTAL_SOURCE_TOTAL; WARN_SINE_NOT_REPORTED; HINT_HIGH_LTR_UNKNOWN		/data/NCBI-jieya_EDTA/GCA_033030585.1_KIB_Fhip_1.0_genomic/GCA_033030585.1_KIB_Fhip_1.0_genomic.fna.mod.EDTA.TEanno.sum	/data/NCBI-jieya_EDTA/GCA_033030585.1_KIB_Fhip_1.0_genomic
plant	GCA_035235625.1	GCA_035235625.1_ASM3523562v1_genomic	PASS	PASS	PASS	55.720	287753151	TOTAL	31.020	160229508	11.090	57314069	19.930	102915439	18.660	96295620	5.150	26605392	1	0.480	2503194	1	0.010	27028		INFO_TOTAL_SOURCE_TOTAL; HINT_HIGH_LTR_UNKNOWN		/data/NCBI-jieya_EDTA/GCA_035235625.1_ASM3523562v1_genomic/GCA_035235625.1_ASM3523562v1_genomic.fna.mod.EDTA.TEanno.sum	/data/NCBI-jieya_EDTA/GCA_035235625.1_ASM3523562v1_genomic
plant	GCA_037074585.1	GCA_037074585.1_ASM3707458v1_genomic	PASS	PASS	PASS	54.860	477312658	TOTAL	42.730	371817174	19.390	168724703	23.340	203092471	8.160	71017846	2.100	18258402	1	1.730	15044084	0	NA	NA		INFO_TOTAL_SOURCE_TOTAL; WARN_SINE_NOT_REPORTED; HINT_HIGH_LTR_UNKNOWN		/data/NCBI-jieya_EDTA/GCA_037074585.1_ASM3707458v1_genomic/GCA_037074585.1_ASM3707458v1_genomic.fna.mod.EDTA.TEanno.sum	/data/NCBI-jieya_EDTA/GCA_037074585.1_ASM3707458v1_genomic
plant	GCA_037113545.1	GCA_037113545.1_ASM3711354v1_genomic	PASS	PASS	PASS	33.080	124108363	TOTAL	28.020	105132409	15.710	58941382	12.310	46191027	3.920	14704864	0.450	1669871	1	0.610	2287400	0	NA	NA		INFO_TOTAL_SOURCE_TOTAL; WARN_LOW_HELITRON; WARN_SINE_NOT_REPORTED; HINT_HIGH_LTR_UNKNOWN		/data/NCBI-jieya_EDTA/GCA_037113545.1_ASM3711354v1_genomic/GCA_037113545.1_ASM3711354v1_genomic.fna.mod.EDTA.TEanno.sum	/data/NCBI-jieya_EDTA/GCA_037113545.1_ASM3711354v1_genomic
plant	GCA_037954105.1	GCA_037954105.1_Cgla_1_genomic	PASS	PASS	PASS	36.410	223700982	TOTAL	27.610	169671936	11.860	72905808	15.750	96766128	6.540	40109905	1.660	10229198	1	0.270	1636516	0	NA	NA		INFO_TOTAL_SOURCE_TOTAL; WARN_SINE_NOT_REPORTED; HINT_HIGH_LTR_UNKNOWN		/data/NCBI-jieya_EDTA/GCA_037954105.1_Cgla_1_genomic/GCA_037954105.1_Cgla_1_genomic.fna.mod.EDTA.TEanno.sum	/data/NCBI-jieya_EDTA/GCA_037954105.1_Cgla_1_genomic
plant	GCA_040721895.1	GCA_040721895.1_ASM4072189v1_genomic	PASS	PASS	PASS	25.040	107349795	TOTAL	12.320	52837921	6.390	27407982	5.930	25429939	11.370	48779822	0.660	2842701	1	0.390	1694197	0	NA	NA		INFO_TOTAL_SOURCE_TOTAL; WARN_SINE_NOT_REPORTED		/data/NCBI-jieya_EDTA/GCA_040721895.1_ASM4072189v1_genomic/GCA_040721895.1_ASM4072189v1_genomic.fna.mod.EDTA.TEanno.sum	/data/NCBI-jieya_EDTA/GCA_040721895.1_ASM4072189v1_genomic
plant	GCA_046736235.1	GCA_046736235.1_TOH_Aalt_1.0_genomic	PASS	PASS	PASS	55.050	509318764	TOTAL	44.760	414114196	22.530	208440664	22.230	205673532	7.650	70748028	1.200	11092086	1	1.210	11225075	0	NA	NA		INFO_TOTAL_SOURCE_TOTAL; WARN_SINE_NOT_REPORTED; HINT_HIGH_LTR_UNKNOWN		/data/NCBI-jieya_EDTA/GCA_046736235.1_TOH_Aalt_1.0_genomic/GCA_046736235.1_TOH_Aalt_1.0_genomic.fna.mod.EDTA.TEanno.sum	/data/NCBI-jieya_EDTA/GCA_046736235.1_TOH_Aalt_1.0_genomic
plant	GCA_047301065.1	GCA_047301065.1_ASM4730106v1_genomic	PASS	PASS	PASS	38.850	120992517	TOTAL	28.970	90243928	13.860	43181504	15.110	47062424	7.490	23291727	0.880	2727744	1	1.180	3671153	0	NA	NA		INFO_TOTAL_SOURCE_TOTAL; WARN_SINE_NOT_REPORTED; HINT_HIGH_LTR_UNKNOWN		/data/NCBI-jieya_EDTA/GCA_047301065.1_ASM4730106v1_genomic/GCA_047301065.1_ASM4730106v1_genomic.fna.mod.EDTA.TEanno.sum	/data/NCBI-jieya_EDTA/GCA_047301065.1_ASM4730106v1_genomic
plant	GCA_048165065.1	GCA_048165065.1_ASM4816506v1_genomic	PASS	PASS	PASS	63.810	485302078	TOTAL	49.420	375896966	21.610	164369410	27.810	211527556	9.140	69500520	3.440	26143915	1	1.460	11102469	0	NA	NA		INFO_TOTAL_SOURCE_TOTAL; WARN_SINE_NOT_REPORTED; HINT_HIGH_LTR_UNKNOWN		/data/NCBI-jieya_EDTA/GCA_048165065.1_ASM4816506v1_genomic/GCA_048165065.1_ASM4816506v1_genomic.fna.mod.EDTA.TEanno.sum	/data/NCBI-jieya_EDTA/GCA_048165065.1_ASM4816506v1_genomic
plant	GCA_049191275.1	GCA_049191275.1_ASM4919127v1_genomic	PASS	PASS	PASS	55.090	271681168	TOTAL	40.370	199122523	18.730	92405411	21.640	106717112	9.920	48915369	3.270	16136445	1	1.430	7075074	0	NA	NA		INFO_TOTAL_SOURCE_TOTAL; WARN_SINE_NOT_REPORTED; HINT_HIGH_LTR_UNKNOWN		/data/NCBI-jieya_EDTA/GCA_049191275.1_ASM4919127v1_genomic/GCA_049191275.1_ASM4919127v1_genomic.fna.mod.EDTA.TEanno.sum	/data/NCBI-jieya_EDTA/GCA_049191275.1_ASM4919127v1_genomic
plant	GCA_049355005.1	GCA_049355005.1_ASM4935500v1_genomic	PASS	PASS	PASS	56.910	339508991	TOTAL	47.780	285059661	16.830	100409536	30.950	184650125	4.350	25985500	4.070	24272922	1	0.460	2793221	0	NA	NA		INFO_TOTAL_SOURCE_TOTAL; WARN_SINE_NOT_REPORTED; HINT_HIGH_LTR_UNKNOWN		/data/NCBI-jieya_EDTA/GCA_049355005.1_ASM4935500v1_genomic/GCA_049355005.1_ASM4935500v1_genomic.fna.mod.EDTA.TEanno.sum	/data/NCBI-jieya_EDTA/GCA_049355005.1_ASM4935500v1_genomic
plant	GCA_903112645.1	GCA_903112645.1_pruArmRojPasHapCUR_genomic	PASS	PASS	PASS	28.410	61353433	TOTAL	15.760	34036623	7.290	15753270	8.470	18283353	10.330	22302781	1.560	3368358	1	0.690	1470894	1	0.000	4570		INFO_TOTAL_SOURCE_TOTAL; WARN_SINE_ZERO		/data/NCBI-jieya_EDTA/GCA_903112645.1_pruArmRojPasHapCUR_genomic/GCA_903112645.1_pruArmRojPasHapCUR_genomic.fna.mod.EDTA.TEanno.sum	/data/NCBI-jieya_EDTA/GCA_903112645.1_pruArmRojPasHapCUR_genomic
plant	GCA_911865555.2	GCA_911865555.2_T_arvense_v2_genomic	PASS	PASS	PASS	63.720	334891284	TOTAL	56.180	295281425	31.430	165191710	24.750	130089715	2.960	15526681	3.690	19385015	1	0.830	4403168	0	NA	NA		INFO_TOTAL_SOURCE_TOTAL; WARN_SINE_NOT_REPORTED; HINT_HIGH_LTR_UNKNOWN		/data/NCBI-jieya_EDTA/GCA_911865555.2_T_arvense_v2_genomic/GCA_911865555.2_T_arvense_v2_genomic.fna.mod.EDTA.TEanno.sum	/data/NCBI-jieya_EDTA/GCA_911865555.2_T_arvense_v2_genomic
plant	GCA_934048045.1	GCA_934048045.1_dcPolAvic1.1_genomic	PASS	PASS	PASS	50.810	178888201	TOTAL	34.580	121749945	17.620	62039563	16.960	59710382	8.290	29197844	4.530	15937085	1	3.010	10588094	0	NA	NA		INFO_TOTAL_SOURCE_TOTAL; WARN_SINE_NOT_REPORTED; HINT_HIGH_LTR_UNKNOWN		/data/NCBI-jieya_EDTA/GCA_934048045.1_dcPolAvic1.1_genomic/GCA_934048045.1_dcPolAvic1.1_genomic.fna.mod.EDTA.TEanno.sum	/data/NCBI-jieya_EDTA/GCA_934048045.1_dcPolAvic1.1_genomic
plant	GCA_958496215.1	GCA_958496215.1_daVerOffi1.1_genomic	PASS	PASS	PASS	50.270	145698618	TOTAL	38.680	112115395	18.060	52341555	20.620	59773840	5.710	16577857	4.420	12820842	1	1.050	3046964	0	NA	NA		INFO_TOTAL_SOURCE_TOTAL; WARN_SINE_NOT_REPORTED; HINT_HIGH_LTR_UNKNOWN		/data/NCBI-jieya_EDTA/GCA_958496215.1_daVerOffi1.1_genomic/GCA_958496215.1_daVerOffi1.1_genomic.fna.mod.EDTA.TEanno.sum	/data/NCBI-jieya_EDTA/GCA_958496215.1_daVerOffi1.1_genomic
plant	GCA_965112915.1	GCA_965112915.1_ddEupMacu1.hap1.1_genomic	PASS	PASS	PASS	51.800	390742857	TOTAL	40.070	302302767	20.910	157761804	19.160	144540963	8.570	64607855	2.220	16758422	1	0.530	4023543	0	NA	NA		INFO_TOTAL_SOURCE_TOTAL; WARN_SINE_NOT_REPORTED; HINT_HIGH_LTR_UNKNOWN		/data/NCBI-jieya_EDTA/GCA_965112915.1_ddEupMacu1.hap1.1_genomic/GCA_965112915.1_ddEupMacu1.hap1.1_genomic.fna.mod.EDTA.TEanno.sum	/data/NCBI-jieya_EDTA/GCA_965112915.1_ddEupMacu1.hap1.1_genomic
plant	GCA_965151525.1	GCA_965151525.1_Oryza_sativa_giza178_FlyeMedaka_v1_genomic	PASS	PASS	PASS	50.410	200002979	TOTAL	26.430	104866941	13.410	53214242	13.020	51652699	17.030	67526133	5.930	23546247	1	0.850	3371644	0	NA	NA		INFO_TOTAL_SOURCE_TOTAL; WARN_SINE_NOT_REPORTED; HINT_HIGH_LTR_UNKNOWN		/data/NCBI-jieya_EDTA/GCA_965151525.1_Oryza_sativa_giza178_FlyeMedaka_v1_genomic/GCA_965151525.1_Oryza_sativa_giza178_FlyeMedaka_v1_genomic.fna.mod.EDTA.TEanno.sum	/data/NCBI-jieya_EDTA/GCA_965151525.1_Oryza_sativa_giza178_FlyeMedaka_v1_genomic
plant	GCF_000004515.6	GCF_000004515.6_Glycine_max_v4.0_genomic	PASS	PASS	PASS	46.210	440415338	TOTAL	34.740	331076961	18.230	173776065	16.510	157300896	8.320	79118540	1.900	18091139	1	1.130	10845061	0	NA	NA		INFO_TOTAL_SOURCE_TOTAL; WARN_SINE_NOT_REPORTED; HINT_HIGH_LTR_UNKNOWN		/data/NCBI-jieya_EDTA/GCF_000004515.6_Glycine_max_v4.0_genomic/GCF_000004515.6_Glycine_max_v4.0_genomic.fna.mod.EDTA.TEanno.sum	/data/NCBI-jieya_EDTA/GCF_000004515.6_Glycine_max_v4.0_genomic
plant	GCF_000263155.2	GCF_000263155.2_Setaria_italica_v2.0_genomic	PASS	PASS	PASS	45.220	181346079	TOTAL	28.520	114365744	15.530	62271348	12.990	52094396	11.470	45940860	3.510	14077542	1	1.300	5184068	0	NA	NA		INFO_TOTAL_SOURCE_TOTAL; WARN_SINE_NOT_REPORTED; HINT_HIGH_LTR_UNKNOWN		/data/NCBI-jieya_EDTA/GCF_000263155.2_Setaria_italica_v2.0_genomic/GCF_000263155.2_Setaria_italica_v2.0_genomic.fna.mod.EDTA.TEanno.sum	/data/NCBI-jieya_EDTA/GCF_000263155.2_Setaria_italica_v2.0_genomic
plant	GCF_000346465.2	GCF_000346465.2_Prunus_persica_NCBIv2_genomic	PASS	PASS	PASS	33.000	74179078	TOTAL	18.300	41114486	8.470	19023141	9.830	22091345	9.230	20774978	4.710	10579484	1	0.430	968009	0	NA	NA		INFO_TOTAL_SOURCE_TOTAL; WARN_SINE_NOT_REPORTED		/data/NCBI-jieya_EDTA/GCF_000346465.2_Prunus_persica_NCBIv2_genomic/GCF_000346465.2_Prunus_persica_NCBIv2_genomic.fna.mod.EDTA.TEanno.sum	/data/NCBI-jieya_EDTA/GCF_000346465.2_Prunus_persica_NCBIv2_genomic
plant	GCF_000346735.1	GCF_000346735.1_P.mume_V1.0_genomic	PASS	PASS	PASS	26.770	58140857	TOTAL	13.140	28540498	4.580	9958433	8.560	18582065	11.070	24027036	1.800	3913968	1	0.480	1046399	0	NA	NA		INFO_TOTAL_SOURCE_TOTAL; WARN_SINE_NOT_REPORTED; HINT_HIGH_LTR_UNKNOWN		/data/NCBI-jieya_EDTA/GCF_000346735.1_P.mume_V1.0_genomic/GCF_000346735.1_P.mume_V1.0_genomic.fna.mod.EDTA.TEanno.sum	/data/NCBI-jieya_EDTA/GCF_000346735.1_P.mume_V1.0_genomic
plant	GCF_000365185.1	GCF_000365185.1_Chinese_Lotus_1.1_genomic	PASS	PASS	PASS	49.950	353448025	TOTAL	26.900	190415157	15.140	107168006	11.760	83247151	13.910	98482897	2.710	19170250	1	5.470	38663806	0	NA	NA		INFO_TOTAL_SOURCE_TOTAL; WARN_SINE_NOT_REPORTED; HINT_HIGH_LTR_UNKNOWN		/data/NCBI-jieya_EDTA/GCF_000365185.1_Chinese_Lotus_1.1_genomic/GCF_000365185.1_Chinese_Lotus_1.1_genomic.fna.mod.EDTA.TEanno.sum	/data/NCBI-jieya_EDTA/GCF_000365185.1_Chinese_Lotus_1.1_genomic
plant	GCF_000512975.1	GCF_000512975.1_S_indicum_v1.0_genomic	PASS	PASS	PASS	29.380	79480923	TOTAL	13.210	35742248	4.700	12713714	8.510	23028534	9.510	25744478	3.120	8435240	1	3.410	9233179	0	NA	NA		INFO_TOTAL_SOURCE_TOTAL; WARN_SINE_NOT_REPORTED; HINT_HIGH_LTR_UNKNOWN		/data/NCBI-jieya_EDTA/GCF_000512975.1_S_indicum_v1.0_genomic/GCF_000512975.1_S_indicum_v1.0_genomic.fna.mod.EDTA.TEanno.sum	/data/NCBI-jieya_EDTA/GCF_000512975.1_S_indicum_v1.0_genomic
plant	GCF_000801105.2	GCF_000801105.2_ASM80110v3_genomic	PASS	PASS	PASS	42.430	183974447	TOTAL	25.190	109226407	12.260	53153767	12.930	56072640	7.590	32904758	7.430	32217432	1	1.870	8109894	0	NA	NA		INFO_TOTAL_SOURCE_TOTAL; WARN_SINE_NOT_REPORTED; HINT_HIGH_LTR_UNKNOWN		/data/NCBI-jieya_EDTA/GCF_000801105.2_ASM80110v3_genomic/GCF_000801105.2_ASM80110v3_genomic.fna.mod.EDTA.TEanno.sum	/data/NCBI-jieya_EDTA/GCF_000801105.2_ASM80110v3_genomic
plant	GCF_001411555.2	GCF_001411555.2_Walnut_2.0_genomic	PASS	PASS	PASS	44.370	253923732	TOTAL	25.380	145235793	11.260	64410679	14.120	80825114	11.460	65508783	1.740	9957149	1	5.490	31398010	0	NA	NA		INFO_TOTAL_SOURCE_TOTAL; WARN_SINE_NOT_REPORTED; HINT_HIGH_LTR_UNKNOWN		/data/NCBI-jieya_EDTA/GCF_001411555.2_Walnut_2.0_genomic/GCF_001411555.2_Walnut_2.0_genomic.fna.mod.EDTA.TEanno.sum	/data/NCBI-jieya_EDTA/GCF_001411555.2_Walnut_2.0_genomic
plant	GCF_001879475.1	GCF_001879475.1_Asagao_1.1_genomic	PASS	PASS	PASS	61.280	450418384	TOTAL	45.460	334133370	20.200	148442616	25.260	185690754	9.550	70158488	3.820	28071301	1	2.320	17018597	0	NA	NA		INFO_TOTAL_SOURCE_TOTAL; WARN_SINE_NOT_REPORTED; HINT_HIGH_LTR_UNKNOWN		/data/NCBI-jieya_EDTA/GCF_001879475.1_Asagao_1.1_genomic/GCF_001879475.1_Asagao_1.1_genomic.fna.mod.EDTA.TEanno.sum	/data/NCBI-jieya_EDTA/GCF_001879475.1_Asagao_1.1_genomic
plant	GCF_002994745.2	GCF_002994745.2_RchiOBHm-V2_genomic	PASS	PASS	PASS	56.990	293546440	TOTAL	42.170	217233960	19.780	101918995	22.390	115314965	10.440	53795149	2.480	12782992	1	1.760	9040179	0	NA	NA		INFO_TOTAL_SOURCE_TOTAL; WARN_SINE_NOT_REPORTED; HINT_HIGH_LTR_UNKNOWN		/data/NCBI-jieya_EDTA/GCF_002994745.2_RchiOBHm-V2_genomic/GCF_002994745.2_RchiOBHm-V2_genomic.fna.mod.EDTA.TEanno.sum	/data/NCBI-jieya_EDTA/GCF_002994745.2_RchiOBHm-V2_genomic
plant	GCF_007655135.1	GCF_007655135.1_ASM765513v2_genomic	PASS	PASS	PASS	43.880	140626413	TOTAL	30.680	98334500	12.170	39025614	18.510	59308886	4.610	14764062	7.800	24994532	1	0.660	2108174	0	NA	NA		INFO_TOTAL_SOURCE_TOTAL; WARN_SINE_NOT_REPORTED; HINT_HIGH_LTR_UNKNOWN		/data/NCBI-jieya_EDTA/GCF_007655135.1_ASM765513v2_genomic/GCF_007655135.1_ASM765513v2_genomic.fna.mod.EDTA.TEanno.sum	/data/NCBI-jieya_EDTA/GCF_007655135.1_ASM765513v2_genomic
plant	GCF_009727055.1	GCF_009727055.1_ASM972705v1_genomic	PASS	PASS	PASS	66.280	595348192	TOTAL	53.240	478228222	24.690	221776403	28.550	256451819	7.880	70737462	3.770	33890475	1	0.840	7504100	0	NA	NA		INFO_TOTAL_SOURCE_TOTAL; WARN_SINE_NOT_REPORTED; HINT_HIGH_LTR_UNKNOWN		/data/NCBI-jieya_EDTA/GCF_009727055.1_ASM972705v1_genomic/GCF_009727055.1_ASM972705v1_genomic.fna.mod.EDTA.TEanno.sum	/data/NCBI-jieya_EDTA/GCF_009727055.1_ASM972705v1_genomic
plant	GCF_009805555.1	GCF_009805555.1_ASM980555v1_genomic	PASS	PASS	PASS	38.270	108866784	TOTAL	25.300	71991544	14.300	40687776	11.000	31303768	9.300	26483175	2.890	8213367	1	0.720	2047071	0	NA	NA		INFO_TOTAL_SOURCE_TOTAL; WARN_SINE_NOT_REPORTED; HINT_HIGH_LTR_UNKNOWN		/data/NCBI-jieya_EDTA/GCF_009805555.1_ASM980555v1_genomic/GCF_009805555.1_ASM980555v1_genomic.fna.mod.EDTA.TEanno.sum	/data/NCBI-jieya_EDTA/GCF_009805555.1_ASM980555v1_genomic
plant	GCF_018835915.1	GCF_018835915.1_ASM1883591v1_genomic	PASS	PASS	PASS	30.430	117889970	TOTAL	17.120	66357030	6.490	25155222	10.630	41201808	12.370	47910876	0.700	2728746	1	0.180	691476	0	NA	NA		INFO_TOTAL_SOURCE_TOTAL; WARN_SINE_NOT_REPORTED; HINT_HIGH_LTR_UNKNOWN		/data/NCBI-jieya_EDTA/GCF_018835915.1_ASM1883591v1_genomic/GCF_018835915.1_ASM1883591v1_genomic.fna.mod.EDTA.TEanno.sum	/data/NCBI-jieya_EDTA/GCF_018835915.1_ASM1883591v1_genomic
plant	GCF_019578655.1	GCF_019578655.1_ASM1957865v1_genomic	PASS	PASS	PASS	40.460	127634103	TOTAL	26.600	83913446	10.270	32407049	16.330	51506397	11.530	36390156	2.160	6798601	1	0.100	302298	0	NA	NA		INFO_TOTAL_SOURCE_TOTAL; WARN_SINE_NOT_REPORTED; HINT_HIGH_LTR_UNKNOWN		/data/NCBI-jieya_EDTA/GCF_019578655.1_ASM1957865v1_genomic/GCF_019578655.1_ASM1957865v1_genomic.fna.mod.EDTA.TEanno.sum	/data/NCBI-jieya_EDTA/GCF_019578655.1_ASM1957865v1_genomic
plant	GCF_022201045.2	GCF_022201045.2_DVS_A1.0_genomic	PASS	PASS	PASS	37.750	113167339	TOTAL	27.770	83234575	15.870	47557031	11.900	35677544	7.600	22811223	0.910	2724278	1	1.230	3675626	0	NA	NA		INFO_TOTAL_SOURCE_TOTAL; WARN_SINE_NOT_REPORTED; HINT_HIGH_LTR_UNKNOWN		/data/NCBI-jieya_EDTA/GCF_022201045.2_DVS_A1.0_genomic/GCF_022201045.2_DVS_A1.0_genomic.fna.mod.EDTA.TEanno.sum	/data/NCBI-jieya_EDTA/GCF_022201045.2_DVS_A1.0_genomic
plant	GCF_025177605.1	GCF_025177605.1_USDA_Cmelo_AY_1.0_genomic	PASS	PASS	PASS	42.800	187611562	TOTAL	28.200	123635638	11.350	49760635	16.850	73875003	10.050	44042467	3.600	15762446	1	0.630	2743233	0	NA	NA		INFO_TOTAL_SOURCE_TOTAL; WARN_SINE_NOT_REPORTED; HINT_HIGH_LTR_UNKNOWN		/data/NCBI-jieya_EDTA/GCF_025177605.1_USDA_Cmelo_AY_1.0_genomic/GCF_025177605.1_USDA_Cmelo_AY_1.0_genomic.fna.mod.EDTA.TEanno.sum	/data/NCBI-jieya_EDTA/GCF_025177605.1_USDA_Cmelo_AY_1.0_genomic
plant	GCF_028751815.1	GCF_028751815.1_IMPLAD_Smil_shh_genomic	PASS	PASS	PASS	62.900	332970116	TOTAL	39.380	208482393	23.020	121868661	16.360	86613732	15.510	82075918	4.960	26259873	1	2.840	15032921	0	NA	NA		INFO_TOTAL_SOURCE_TOTAL; WARN_SINE_NOT_REPORTED; HINT_HIGH_LTR_UNKNOWN		/data/NCBI-jieya_EDTA/GCF_028751815.1_IMPLAD_Smil_shh_genomic/GCF_028751815.1_IMPLAD_Smil_shh_genomic.fna.mod.EDTA.TEanno.sum	/data/NCBI-jieya_EDTA/GCF_028751815.1_IMPLAD_Smil_shh_genomic
plant	GCF_029168945.1	GCF_029168945.1_ASM2916894v1_genomic	PASS	PASS	PASS	71.900	554133843	TOTAL	62.270	479924020	30.310	233587677	31.960	246336343	5.990	46084175	1.270	9822992	1	2.260	17416271	0	NA	NA		INFO_TOTAL_SOURCE_TOTAL; WARN_SINE_NOT_REPORTED; HINT_HIGH_LTR_UNKNOWN		/data/NCBI-jieya_EDTA/GCF_029168945.1_ASM2916894v1_genomic/GCF_029168945.1_ASM2916894v1_genomic.fna.mod.EDTA.TEanno.sum	/data/NCBI-jieya_EDTA/GCF_029168945.1_ASM2916894v1_genomic
plant	GCF_031755915.1	GCF_031755915.1_ASM3175591v1_genomic	PASS	PASS	PASS	34.910	137511197	TOTAL	29.940	117928362	19.970	78659592	9.970	39268770	3.140	12361363	1.250	4926694	1	0.500	1979058	0	NA	NA		INFO_TOTAL_SOURCE_TOTAL; WARN_SINE_NOT_REPORTED		/data/NCBI-jieya_EDTA/GCF_031755915.1_ASM3175591v1_genomic/GCF_031755915.1_ASM3175591v1_genomic.fna.mod.EDTA.TEanno.sum	/data/NCBI-jieya_EDTA/GCF_031755915.1_ASM3175591v1_genomic
plant	GCF_048772165.1	GCF_048772165.1_ASM4877216v1_genomic	PASS	PASS	PASS	26.200	54239021	TOTAL	18.380	38046408	8.250	17076822	10.130	20969586	5.750	11907138	1.310	2712692	1	0.760	1571858	0	NA	NA		INFO_TOTAL_SOURCE_TOTAL; WARN_SINE_NOT_REPORTED; HINT_HIGH_LTR_UNKNOWN		/data/NCBI-jieya_EDTA/GCF_048772165.1_ASM4877216v1_genomic/GCF_048772165.1_ASM4877216v1_genomic.fna.mod.EDTA.TEanno.sum	/data/NCBI-jieya_EDTA/GCF_048772165.1_ASM4877216v1_genomic
plant	GCF_958298935.1	GCF_958298935.1_lpPhrAust1.1_genomic	PASS	PASS	PASS	58.950	500260517	TOTAL	36.340	308463261	18.540	157376610	17.800	151086651	13.930	118232502	7.090	60162852	1	1.460	12388402	0	NA	NA		INFO_TOTAL_SOURCE_TOTAL; WARN_SINE_NOT_REPORTED; HINT_HIGH_LTR_UNKNOWN		/data/NCBI-jieya_EDTA/GCF_958298935.1_lpPhrAust1.1_genomic/GCF_958298935.1_lpPhrAust1.1_genomic.fna.mod.EDTA.TEanno.sum	/data/NCBI-jieya_EDTA/GCF_958298935.1_lpPhrAust1.1_genomic
plant	GCF_958449725.1	GCF_958449725.1_drRosRugo1.1_genomic	PASS	PASS	PASS	52.200	217633718	TOTAL	36.990	154208978	16.690	69576766	20.300	84632212	10.390	43304467	2.810	11721001	1	1.900	7936724	0	NA	NA		INFO_TOTAL_SOURCE_TOTAL; WARN_SINE_NOT_REPORTED; HINT_HIGH_LTR_UNKNOWN		/data/NCBI-jieya_EDTA/GCF_958449725.1_drRosRugo1.1_genomic/GCF_958449725.1_drRosRugo1.1_genomic.fna.mod.EDTA.TEanno.sum	/data/NCBI-jieya_EDTA/GCF_958449725.1_drRosRugo1.1_genomic
